{"accuracy": [0.5973682403564453, 0.8648979067802429, 0.917348325252533, 0.943281888961792, 0.9574934244155884, 0.9668824076652527, 0.9724162220954895, 0.9779074192047119, 0.9799985885620117, 0.9828152656555176], "loss": [1.3687011003494263, 0.42832762002944946, 0.25962817668914795, 0.1740151345729828, 0.13107353448867798, 0.10071250051259995, 0.08502346277236938, 0.06972362101078033, 0.06250997632741928, 0.05387904495000839], "val_accuracy": [0.8422490358352661, 0.8986455798149109, 0.925051212310791, 0.9324493408203125, 0.9490097761154175, 0.9356931447982788, 0.9671636819839478, 0.9556680917739868, 0.9635215401649475, 0.9707489013671875], "val_loss": [0.4949806332588196, 0.317826509475708, 0.22246183454990387, 0.21471858024597168, 0.151354119181633, 0.21318581700325012, 0.10560210049152374, 0.15327726304531097, 0.12228727340698242, 0.10110193490982056]}